activity_code,activity_id,title,price_count,image_count,status,reason,mode
E-E10-25JERC0017,68caf51c38bc2f92a80b9f56,Discover the Highlights and Hidden Gems of Tokyo - Half-Day Private Walking Tour,0,1,deleted,"japan activity, cms activityCode not in static sheet (227 allowed)",live
E-E10-25JERC0042,68caf51c38bc2f92a80b9f6e,A Tour Through Tokyo’s Kitchen (with World's Most Famous Fish Market,0,1,deleted,"japan activity, cms activityCode not in static sheet (227 allowed)",live
E-E10-25JERC0013,68caf51c38bc2f92a80b9f53,Discover Kyoto with a Local - Half-Day Private Walking Tour,0,1,deleted,"japan activity, cms activityCode not in static sheet (227 allowed)",live
E-E10-25JERC0014,68caf51c38bc2f92a80b9f54,Discover Tokyo with a Local - Private Walking Tour,0,1,deleted,"japan activity, cms activityCode not in static sheet (227 allowed)",live
E-E10-25JERC0010,68caf51c38bc2f92a80b9f52,Osaka Street Food Experience with a Local - Private Walking Tour,0,1,deleted,"japan activity, cms activityCode not in static sheet (227 allowed)",live
E-E10-25JERC0016,68caf51c38bc2f92a80b9f55,Discover Kyoto with a Local - Full-Day Private Walking Tour,0,1,deleted,"japan activity, cms activityCode not in static sheet (227 allowed)",live
E-E10-25JERC0175,68caf51c38bc2f92a80b9f9a,"Private Hiroshima Tour with a Local, Highlights & Hidden Gems, 100% Personalized",0,1,deleted,"japan activity, cms activityCode not in static sheet (227 allowed)",live
E-E10-25SYLI0019,68caf51e38bc2f92a80ba096,Tokyo Traditional Food Experience - Small Group Tour,0,1,deleted,"japan activity, cms activityCode not in static sheet (227 allowed)",live
E-E10-25SYLI0015,68caf51e38bc2f92a80ba092,"Mount Fuji, Kamakura, Lake Ashi and Oshino Hakkai - Full-Day Tour",0,1,deleted,"japan activity, cms activityCode not in static sheet (227 allowed)",live
E-E10-25NASC0013,68caf51e38bc2f92a80ba09b, Bullet Train from Tokyo to Odawara - One-Way Ticket,0,1,deleted,"japan activity, cms activityCode not in static sheet (227 allowed)",live
E-E10-25NASC0015,68caf51e38bc2f92a80ba09d, Bullet Train from Tokyo to Shin Osaka - One-Way Ticket,0,1,deleted,"japan activity, cms activityCode not in static sheet (227 allowed)",live
E-E10-25SYLI0022,68caf51e38bc2f92a80ba099,"Tokyo Night Tour: Akihabara, Shibuya, Karaoke and City Lights",0,1,deleted,"japan activity, cms activityCode not in static sheet (227 allowed)",live
E-E10-25SYLI0023,68caf51e38bc2f92a80ba09f,"Meiji Shrine, Imperial Palace, Asakusa with Tokyo Skytree Ticket - Full-Day Tour",0,1,deleted,"japan activity, cms activityCode not in static sheet (227 allowed)",live
E-E10-25NASC0030,68caf51e38bc2f92a80ba0a2,Explore Tokyo by Hato Panoramic Bus - Full-Day Tour ,0,1,deleted,"japan activity, cms activityCode not in static sheet (227 allowed)",live
E-E10-25NASC0083,68caf51e38bc2f92a80ba0b0,"Discover Kinkaku-ji, Ginkaku-ji, and Kiyomizu-dera - Half-Day Tour",0,1,deleted,"japan activity, cms activityCode not in static sheet (227 allowed)",live
E-E10-25NASI0074,68caf51e38bc2f92a80ba0ad,Osaka Street Food Tour: Kuromon Market and Sennichimae Delights,0,1,deleted,"japan activity, cms activityCode not in static sheet (227 allowed)",live
E-E10-25NASC0033,68caf51e38bc2f92a80ba0a5, Osaka Walking Full-Day Tour ,0,1,deleted,"japan activity, cms activityCode not in static sheet (227 allowed)",live
E-E10-25NASC0029,68caf51e38bc2f92a80ba0a1,Meet a Maiko or a Geiko in an authentic Gion Tea House - Small Group Tour,0,1,deleted,"japan activity, cms activityCode not in static sheet (227 allowed)",live
E-E10-25NASI0070,68caf51e38bc2f92a80ba0a9,Explore Uji: UNESCO Sites and Traditional Tea Ceremony,0,1,deleted,"japan activity, cms activityCode not in static sheet (227 allowed)",live
E-E10-25NASC0032,68caf51e38bc2f92a80ba0a4,Osaka Walking Full-Day Tour,0,1,deleted,"japan activity, cms activityCode not in static sheet (227 allowed)",live
E-E10-25NASC0077,68caf51e38bc2f92a80ba0b3,Discover Hiroshima and Miyajima - Full-Day Tour ,0,1,deleted,"japan activity, cms activityCode not in static sheet (227 allowed)",live
E-E10-25SYLI0018,68caf51e38bc2f92a80ba094,"Hiroshima, Miyajima Island and Itsukushima Shrine - Full-day Tour",0,1,deleted,"japan activity, cms activityCode not in static sheet (227 allowed)",live
E-E10-25NASC0014,68caf51e38bc2f92a80ba09c, Bullet Train from Tokyo to Kanazawa - One-Way Ticket,0,1,deleted,"japan activity, cms activityCode not in static sheet (227 allowed)",live
E-E10-25NASC0076,68caf51e38bc2f92a80ba0af,Sky Hop Bus Kyoto Hop-On Hop-Off Tour,0,1,deleted,"japan activity, cms activityCode not in static sheet (227 allowed)",live
E-E10-25NASC0027,68caf51e38bc2f92a80ba0a0,Explore Hiroshima and Miyajima - Full-Day Small Group Tour,0,1,deleted,"japan activity, cms activityCode not in static sheet (227 allowed)",live
E-E10-25NASC0034,68caf51e38bc2f92a80ba0a6,Osaka Afternoon Walking Half-Day Tour ,0,1,deleted,"japan activity, cms activityCode not in static sheet (227 allowed)",live
E-E10-25NASC0031,68caf51e38bc2f92a80ba0a3,Explore Tokyo by Hato Bus - Half-Day Tour,0,1,deleted,"japan activity, cms activityCode not in static sheet (227 allowed)",live
E-E10-25NASI0071,68caf51e38bc2f92a80ba0aa,Kyoto’s Natural Wonder: Arashiyama Bamboo Grove Tour,0,1,deleted,"japan activity, cms activityCode not in static sheet (227 allowed)",live
E-E10-25NASC0016,68caf51e38bc2f92a80ba09e, Bullet Train from Shin Osaka Station to Hiroshima Station - One-Way Ticket,0,1,deleted,"japan activity, cms activityCode not in static sheet (227 allowed)",live
E-E10-25SYLI0020,68caf51e38bc2f92a80ba097,Kyoto: Guided Bus Tour to Top Highlights with Tickets - Full-Day Tour,0,1,deleted,"japan activity, cms activityCode not in static sheet (227 allowed)",live
E-E10-25NASI0069,68caf51e38bc2f92a80ba0a8,Kyoto World Heritage Tour: Fully Customizable Experience,0,1,deleted,"japan activity, cms activityCode not in static sheet (227 allowed)",live
E-E10-25NASI0073,68caf51e38bc2f92a80ba0ac,Osaka Castle Heritage Walk: A Journey Through Samurai History,0,1,deleted,"japan activity, cms activityCode not in static sheet (227 allowed)",live
E-E10-25NASI0075,68caf51e38bc2f92a80ba0ae,Osaka’s Soul: Tennoji Temples and Shinsekai Streets,0,1,deleted,"japan activity, cms activityCode not in static sheet (227 allowed)",live
E-E10-25SYLI0021,68caf51e38bc2f92a80ba098,Osaka Delights: Traditional Japanese Food Tour,0,1,deleted,"japan activity, cms activityCode not in static sheet (227 allowed)",live
E-E10-25NASC0085,68caf51e38bc2f92a80ba0b1,Explore Geisha District - Private Walking Tour,0,1,deleted,"japan activity, cms activityCode not in static sheet (227 allowed)",live
E-E10-25NASC0086,68caf51e38bc2f92a80ba0b2,Kyoto Highlights - Full-Day Tour ,0,1,deleted,"japan activity, cms activityCode not in static sheet (227 allowed)",live
E-E10-25SYLI0016,68caf51e38bc2f92a80ba093,"Nikko, the Beauty of Kegon Waterfall and Chuzenji Lake - Full-Day Tour",0,1,deleted,"japan activity, cms activityCode not in static sheet (227 allowed)",live
E-E10-25NASC0011,68caf51e38bc2f92a80ba095,Bullet Train from Tokyo to Nagoya - One-Way Ticket ,0,1,deleted,"japan activity, cms activityCode not in static sheet (227 allowed)",live
E-E10-25NASC0012,68caf51e38bc2f92a80ba09a,Bullet Train from Tokyo to Kyoto - One-Way Ticket,0,1,deleted,"japan activity, cms activityCode not in static sheet (227 allowed)",live
E-E10-25NASI0072,68caf51e38bc2f92a80ba0ab,Arashiyama Walking Tour with Optional Sagano Romantic Train Ride,0,1,deleted,"japan activity, cms activityCode not in static sheet (227 allowed)",live
E-E10-25NASC0049,68caf51e38bc2f92a80ba0a7,Nikko World Heritage Day Tour from Tokyo with Scenic Limited Express Rail,0,1,deleted,"japan activity, cms activityCode not in static sheet (227 allowed)",live
E-E10-25NASC0080,68caf51e38bc2f92a80ba0b5,Explore Japan's 1st Historical Capital - Small Group Walking Tour,0,1,deleted,"japan activity, cms activityCode not in static sheet (227 allowed)",live
E-E10-25NASC0079,68caf51e38bc2f92a80ba0b4,Cycling Through Nara's Hidden Gems,0,1,deleted,"japan activity, cms activityCode not in static sheet (227 allowed)",live
E-E10-A0MANO0221,68caf51e38bc2f92a80ba24f,"Sagano Romantic Train & Arashiyama Kiyomizudera, Fushimi Inari Taisha Day Tour",0,1,deleted,"japan activity, cms activityCode not in static sheet (227 allowed)",live
E-E10-A0MANO0223,68caf51e38bc2f92a80ba251,"Sagano Romantic Train & Arashiyama Kiyomizudera, Fushimi Inari Taisha Day Tour",0,1,deleted,"japan activity, cms activityCode not in static sheet (227 allowed)",live
E-E10-A0MANO0225,68caf51e38bc2f92a80ba252,"Meet Maiko in Gion, Fushimi Inari, Arashiyama (Chanko nabe)",0,1,deleted,"japan activity, cms activityCode not in static sheet (227 allowed)",live
E-E10-A0MANO0222,68caf51e38bc2f92a80ba250,"Sagano Romantic Train & Arashiyama Kiyomizudera, Fushimi Inari Taisha Day Tour with Vegetarian Lunch",0,1,deleted,"japan activity, cms activityCode not in static sheet (227 allowed)",live
E-E10-A0VWNO0266,68caf51f38bc2f92a80ba38f,"Fushimi, Kiyomizu, Kinkakuji, Arashiyama (Halal) from Osaka Namba",0,1,deleted,"japan activity, cms activityCode not in static sheet (227 allowed)",live
E-E10-A0VWNO0302,68caf51f38bc2f92a80ba3ab,"Arashiyama3H, Nara, KobeMOSAIC(Buffet) from Osaka Umeda",0,1,deleted,"japan activity, cms activityCode not in static sheet (227 allowed)",live
E-E10-A0VWNO0485,68caf51f38bc2f92a80ba3e1,Classic Tsukiji Breakfast Food Tour,0,1,deleted,"japan activity, cms activityCode not in static sheet (227 allowed)",live
E-E10-A0VWNO0264,68caf51f38bc2f92a80ba38e,"Fushimi, Kiyomizu, Kinkakuji, Arashiyama(Japanese-style) from Osaka Umeda",0,1,deleted,"japan activity, cms activityCode not in static sheet (227 allowed)",live
E-E10-A0VWNO0270,68caf51f38bc2f92a80ba398,Kyoto and Nara(Beef Shabu-Shabu) from Osaka Namba,0,1,deleted,"japan activity, cms activityCode not in static sheet (227 allowed)",live
E-E10-A0VWNO0305,68caf51f38bc2f92a80ba3ad,"Arashiyama3H, Nara, KobeMOSAIC(Halal) from Osaka Nippombashi",0,1,deleted,"japan activity, cms activityCode not in static sheet (227 allowed)",live
E-E10-A0VWNO0259,68caf51f38bc2f92a80ba381,"Fushimi, Kiyomizu, Kinkakuji, Arashiyama(Deluxe Japanese-style) from Osaka Namba",0,1,deleted,"japan activity, cms activityCode not in static sheet (227 allowed)",live
E-E10-A0VWNO0245,68caf51f38bc2f92a80ba384,Day Trip by Bus to Arashiyama3H and Nara (Halal) from Osaka Namba,0,1,deleted,"japan activity, cms activityCode not in static sheet (227 allowed)",live
E-E10-A0VWNO0284,68caf51f38bc2f92a80ba3a0,Arashiyama 3H and Nara (Beef Shabu-Shabu) from Osaka Nippombashi,0,1,deleted,"japan activity, cms activityCode not in static sheet (227 allowed)",live
E-E10-A0VWNO0300,68caf51f38bc2f92a80ba3a9,"Arashiyama3H, Nara, KobeMOSAIC(Buffet) from Osaka Namba",0,1,deleted,"japan activity, cms activityCode not in static sheet (227 allowed)",live
E-E10-A0VWNO0306,68caf51f38bc2f92a80ba3ae,"Arashiyama3H, Nara, KobeMOSAIC(Halal) from Osaka Umeda",0,1,deleted,"japan activity, cms activityCode not in static sheet (227 allowed)",live
E-E10-A0VWNO0271,68caf51f38bc2f92a80ba39a,Kyoto and Nara(Beef Shabu-Shabu) from Osaka Nippombashi,0,1,deleted,"japan activity, cms activityCode not in static sheet (227 allowed)",live
E-E10-A0VWNO0292,68caf51f38bc2f92a80ba3a6,"Arashiyama3H, Nara, KobeMOSAIC(Beef Shabu-Shabu) from Osaka Namba",0,1,deleted,"japan activity, cms activityCode not in static sheet (227 allowed)",live
E-E10-A0VWNO0273,68caf51f38bc2f92a80ba395,Kyoto and Nara(Beef Shabu-Shabu) from Osaka Umeda,0,1,deleted,"japan activity, cms activityCode not in static sheet (227 allowed)",live
E-E10-A0VWNO0289,68caf51f38bc2f92a80ba3a4,"Kyoto, Nara and KobeMOSAIC (Halal) from Osaka Nippombashi",0,1,deleted,"japan activity, cms activityCode not in static sheet (227 allowed)",live
E-E10-A0VWNO0277,68caf51f38bc2f92a80ba399,Kyoto and Nara (Buffet) from Osaka Umeda,0,1,deleted,"japan activity, cms activityCode not in static sheet (227 allowed)",live
E-E10-A0VWNO0279,68caf51f38bc2f92a80ba39b,Kyoto and Nara (Halal) from Osaka Namba,0,1,deleted,"japan activity, cms activityCode not in static sheet (227 allowed)",live
E-E10-A0VWNO0285,68caf51f38bc2f92a80ba3a1,Arashiyama 3H and Nara (Beef Shabu-Shabu) from Osaka Umeda,0,1,deleted,"japan activity, cms activityCode not in static sheet (227 allowed)",live
E-E10-A0VWNO0260,68caf51f38bc2f92a80ba388,"Fushimi, Kiyomizu, Kinkakuji, Arashiyama(DeluxeJapanese-style) from Osaka Umeda",0,1,deleted,"japan activity, cms activityCode not in static sheet (227 allowed)",live
E-E10-A0VWNO0249,68caf51f38bc2f92a80ba389,"Kyoto, Nara and KobeMOSAIC (Beef Shabu-Shabu) from Osaka Namba",0,1,deleted,"japan activity, cms activityCode not in static sheet (227 allowed)",live
E-E10-A0VWNO0268,68caf51f38bc2f92a80ba394,"Fushimi, Kiyomizu, Kinkakuji, Arashiyama (Halal) from Osaka Umeda",0,1,deleted,"japan activity, cms activityCode not in static sheet (227 allowed)",live
E-E10-A0VWNO0280,68caf51f38bc2f92a80ba39c,Kyoto and Nara (Halal) from Osaka Nippombashi,0,1,deleted,"japan activity, cms activityCode not in static sheet (227 allowed)",live
E-E10-A0VWNO0243,68caf51f38bc2f92a80ba383,Arashiyama3H and Nara (Buffet) from Osaka Umeda,0,1,deleted,"japan activity, cms activityCode not in static sheet (227 allowed)",live
E-E10-A0VWNO0287,68caf51f38bc2f92a80ba3a2,Day Trip by Bus to Arashiyama 3H and Nara (Buffet) from Osaka Namba,0,1,deleted,"japan activity, cms activityCode not in static sheet (227 allowed)",live
E-E10-A0VWNO0301,68caf51f38bc2f92a80ba3aa,"Arashiyama3H, Nara, KobeMOSAIC(Buffet) from Osaka Nippombashi",0,1,deleted,"japan activity, cms activityCode not in static sheet (227 allowed)",live
E-E10-A0VWNO0298,68caf51f38bc2f92a80ba3a8,"Arashiyama3H, Nara, KobeMOSAIC(Beef Shabu-Shabu) from Osaka Umeda",0,1,deleted,"japan activity, cms activityCode not in static sheet (227 allowed)",live
E-E10-A0VWNO0272,68caf51f38bc2f92a80ba387,"Fushimi, Kiyomizu, Kinkakuji, Arashiyama(DeluxeJapanese-style) from Osaka Nippombashi",0,1,deleted,"japan activity, cms activityCode not in static sheet (227 allowed)",live
E-E10-A0VWNO0263,68caf51f38bc2f92a80ba38d,"Fushimi, Kiyomizu, Kinkakuji, Arashiyama from Osaka Nippombashi",0,1,deleted,"japan activity, cms activityCode not in static sheet (227 allowed)",live
E-E10-A0VWNO0255,68caf51f38bc2f92a80ba382,Arashiyama3H and Nara (Buffet) from Osaka Nippombashi,0,1,deleted,"japan activity, cms activityCode not in static sheet (227 allowed)",live
E-E10-A0VWNO0283,68caf51f38bc2f92a80ba39f,Arashiyama 3H and Nara (Beef Shabu-Shabu) from Osaka Namba,0,1,deleted,"japan activity, cms activityCode not in static sheet (227 allowed)",live
E-E10-A0VWNO0487,68caf51f38bc2f92a80ba3e7,Kyoto Casual Pontocho Food Tour,0,1,deleted,"japan activity, cms activityCode not in static sheet (227 allowed)",live
E-E10-A0VWNO0251,68caf51f38bc2f92a80ba38b,"Kyoto, Nara and KobeMOSAIC (Beef Shabu-Shabu) from Osaka Umeda",0,1,deleted,"japan activity, cms activityCode not in static sheet (227 allowed)",live
E-E10-A0VWNO0246,68caf51f38bc2f92a80ba385,Arashiyama3H and Nara (Halal) from Osaka Nippombashi,0,1,deleted,"japan activity, cms activityCode not in static sheet (227 allowed)",live
E-E10-A0VWNO0297,68caf51f38bc2f92a80ba3a7,"Arashiyama3H, Nara, KobeMOSAIC(Beef Shabu-Shabu) from Osaka",0,1,deleted,"japan activity, cms activityCode not in static sheet (227 allowed)",live
E-E10-A0VWNO0304,68caf51f38bc2f92a80ba3ac,"Arashiyama3H, Nara, KobeMOSAIC(Halal) from Osaka Namba",0,1,deleted,"japan activity, cms activityCode not in static sheet (227 allowed)",live
E-E10-A0VWNO0488,68caf51f38bc2f92a80ba3e8,Absolute Osaka Food Tour,0,1,deleted,"japan activity, cms activityCode not in static sheet (227 allowed)",live
E-E10-A0VWNO0262,68caf51f38bc2f92a80ba38c,"Fushimi, Kiyomizu, Kinkakuji, Arashiyama(Japanese-style) from Osaka Namba",0,1,deleted,"japan activity, cms activityCode not in static sheet (227 allowed)",live
E-E10-A0VWNO0247,68caf51f38bc2f92a80ba386,Arashiyama3H and Nara (Halal) from Osaka Umeda,0,1,deleted,"japan activity, cms activityCode not in static sheet (227 allowed)",live
E-E10-A0VWNO0257,68caf51f38bc2f92a80ba393,"Kyoto, Nara and KobeMOSAIC (Buffet) from Osaka Umeda",0,1,deleted,"japan activity, cms activityCode not in static sheet (227 allowed)",live
E-E10-A0VWNO0276,68caf51f38bc2f92a80ba397,Kyoto and Nara (Buffet) from Osaka Nippombashi,0,1,deleted,"japan activity, cms activityCode not in static sheet (227 allowed)",live
E-E10-A0VWNO0290,68caf51f38bc2f92a80ba3a5,"Kyoto, Nara and KobeMOSAIC (Halal) from Osaka Umeda",0,1,deleted,"japan activity, cms activityCode not in static sheet (227 allowed)",live
E-E10-A0VWNO0443,68caf51f38bc2f92a80ba3dd,Half-Day Cruise Of Osaka With Hotel Pick-up,0,1,deleted,"japan activity, cms activityCode not in static sheet (227 allowed)",live
E-E10-A0VWNO0250,68caf51f38bc2f92a80ba38a,"Kyoto, Nara and KobeMOSAIC (Beef Shabu-Shabu) from Osaka Nippombashi",0,1,deleted,"japan activity, cms activityCode not in static sheet (227 allowed)",live
E-E10-A0VWNO0196,68caf51f38bc2f92a80ba37e,Best of Hiroshima Night Food Tour,0,1,deleted,"japan activity, cms activityCode not in static sheet (227 allowed)",live
E-E10-A0VWNO0267,68caf51f38bc2f92a80ba390,"Fushimi, Kiyomizu, Kinkakuji, Arashiyama (Halal) from Osaka Nippombashi",0,1,deleted,"japan activity, cms activityCode not in static sheet (227 allowed)",live
E-E10-A0VWNO0253,68caf51f38bc2f92a80ba391,"Kyoto, Nara and KobeMOSAIC (Buffet) from Osaka Namba",0,1,deleted,"japan activity, cms activityCode not in static sheet (227 allowed)",live
E-E10-A0VWNO0288,68caf51f38bc2f92a80ba3a3,"Kyoto, Nara and KobeMOSAIC (Halal) from Osaka Namba",0,1,deleted,"japan activity, cms activityCode not in static sheet (227 allowed)",live
E-E10-A0VWNO0281,68caf51f38bc2f92a80ba39e,Kyoto and Nara (Halal) from Osaka Umeda,0,1,deleted,"japan activity, cms activityCode not in static sheet (227 allowed)",live
E-E10-A0VWNO0254,68caf51f38bc2f92a80ba392,"Kyoto, Nara and KobeMOSAIC (Buffet) from Osaka Nippombashi",0,1,deleted,"japan activity, cms activityCode not in static sheet (227 allowed)",live
E-E10-A0VWNO0275,68caf51f38bc2f92a80ba396,Kyoto and Nara (Buffet) from Osaka Namba,0,1,deleted,"japan activity, cms activityCode not in static sheet (227 allowed)",live
E-E10-A1ABNO0593,68caf52038bc2f92a80ba4ff,Tranquility in Kyoto: Bamboo Artistry and Zen Temples - Full-Day Tour,0,1,deleted,"japan activity, cms activityCode not in static sheet (227 allowed)",live
E-E10-A1ABNO0594,68caf52038bc2f92a80ba500,Discover the Hidden Gems on the Kyoto Heritage Path - Full-Day Tour,0,1,deleted,"japan activity, cms activityCode not in static sheet (227 allowed)",live
E-E10-A1ABNO0592,68caf52038bc2f92a80ba4fe,Discover the Scenic Areas of Western Kyoto: Arashiyama to Kinkakuji - Full-Day tour,0,1,deleted,"japan activity, cms activityCode not in static sheet (227 allowed)",live
E-E10-A1ABNO0591,68caf52038bc2f92a80ba4fd,Explore the Castle and Temples of Osaka  with a Ukiyoe Experience - Full-Day Walking Tour,0,1,deleted,"japan activity, cms activityCode not in static sheet (227 allowed)",live
E-E10-A1MANO0356,68caf52138bc2f92a80ba69c,Tokyo DisneySea Park 1-Day Pass with Optional Private Transfers,0,1,deleted,"japan activity, cms activityCode not in static sheet (227 allowed)",live
E-E10-A1MLNO1486,68caf52138bc2f92a80ba7af,Explore Tokyo with Customizable Itinerary - Private Tour ,0,1,deleted,"japan activity, cms activityCode not in static sheet (227 allowed)",live
E-E10-A1MLNO1490,68caf52138bc2f92a80ba7b3, Explore Nikko with Customizable Itinerary - Full-Day Private Tour,0,1,deleted,"japan activity, cms activityCode not in static sheet (227 allowed)",live
E-E10-A1MANO0353,68caf52138bc2f92a80ba69a,Tokyo DisneyLand Park 1-Day Ticket ,0,1,deleted,"japan activity, cms activityCode not in static sheet (227 allowed)",live
E-E10-A1MANO0354,68caf52138bc2f92a80ba69b,Universal Studio Japan -  Studio Pass (Park Entry Ticket),0,1,deleted,"japan activity, cms activityCode not in static sheet (227 allowed)",live
E-E10-A1MLNO1487,68caf52138bc2f92a80ba7b0,Explore Mount Fuji Area  with Customizable Itinerary - Full-Day Private Tour,0,1,deleted,"japan activity, cms activityCode not in static sheet (227 allowed)",live
E-E10-A1MLNO1707,68caf52138bc2f92a80ba7be,Japan Data eSIM,0,1,deleted,"japan activity, cms activityCode not in static sheet (227 allowed)",live
E-E10-A1MLNO1491,68caf52138bc2f92a80ba7b4, Explore Osaka with Customizable Itinerary - Full-Day Private Tour,0,1,deleted,"japan activity, cms activityCode not in static sheet (227 allowed)",live
E-E10-A1MLNO1492,68caf52138bc2f92a80ba7b5,Explore Kyoto with Customizable Itinerary - Full-Day Private Tour,0,1,deleted,"japan activity, cms activityCode not in static sheet (227 allowed)",live
E-E10-A1MLNO1756,68caf52138bc2f92a80ba7bb,Discover Kyoto with a Local Guide - Private Walking Tour ,0,1,deleted,"japan activity, cms activityCode not in static sheet (227 allowed)",live
E-E10-A1MLNO1493,68caf52138bc2f92a80ba7b6,Explore Nara with Customizable Itinerary - Full-Day Private Tour,0,1,deleted,"japan activity, cms activityCode not in static sheet (227 allowed)",live
E-E10-A1MLNO1488,68caf52138bc2f92a80ba7b1, Explore Hakone Area with Customizable Itinerary - Full-Day Private Tour,0,1,deleted,"japan activity, cms activityCode not in static sheet (227 allowed)",live
E-E10-A1MLNO1489,68caf52138bc2f92a80ba7b2, Explore Kamakura with Customizable Itinerary - Full-Day Private Tour,0,1,deleted,"japan activity, cms activityCode not in static sheet (227 allowed)",live
E-E10-A1MLNO1757,68caf52138bc2f92a80ba7bc, Discover Tokyo with a Local Guide - Private Walking Tour,0,1,deleted,"japan activity, cms activityCode not in static sheet (227 allowed)",live
E-E10-A1MLNO1763,68caf52138bc2f92a80ba814,Explore Arashiyama Bamboo Grove -  Private Walking Tour,0,1,deleted,"japan activity, cms activityCode not in static sheet (227 allowed)",live
E-E10-A1MLNO1764,68caf52138bc2f92a80ba815,Explore Gion District at Night - Private Walking Tour ,0,1,deleted,"japan activity, cms activityCode not in static sheet (227 allowed)",live
E-E10-A1MLNO1494,68caf52138bc2f92a80ba7b7, Explore Kobe with Customizable Itinerary - Full-Day Private Tour,0,1,deleted,"japan activity, cms activityCode not in static sheet (227 allowed)",live
E-E10-A1MLNO1851,68caf52138bc2f92a80ba81c,Universal Studios Japan  Private Transfer Service,0,1,deleted,"japan activity, cms activityCode not in static sheet (227 allowed)",live
E-E10-A1MLNO1495,68caf52138bc2f92a80ba7b8, Explore Kyoto with Customizable Itinerary - Full-Day Private Tour,0,1,deleted,"japan activity, cms activityCode not in static sheet (227 allowed)",live
E-E10-A1MLNO1758,68caf52138bc2f92a80ba812,Discover Osaka with a Local Guide - Private Walking Tour,0,1,deleted,"japan activity, cms activityCode not in static sheet (227 allowed)",live
E-E10-A1MLNO1850,68caf52138bc2f92a80ba81b,Tokyo Disneyland Private Transfer Service,0,1,deleted,"japan activity, cms activityCode not in static sheet (227 allowed)",live
E-E10-A1MLNO1762,68caf52138bc2f92a80ba813,"Explore Gion, the Iconic Geisha District - Private Walking Tour ",0,1,deleted,"japan activity, cms activityCode not in static sheet (227 allowed)",live
E-E10-A1NSNO0840,68caf52238bc2f92a80ba922,Tokyo Skytree® - Ticket,0,1,deleted,"japan activity, cms activityCode not in static sheet (227 allowed)",live
E-E10-A1NSNO0904,68caf52238bc2f92a80ba93b,Hedgehog Cafe - Ticket,0,1,deleted,"japan activity, cms activityCode not in static sheet (227 allowed)",live
E-E10-A1NSNO0835,68caf52238bc2f92a80ba936,Beyond Arashiyama Bamboo Forest: Trekking with Authentic Zen Temple Monk Experience,0,1,deleted,"japan activity, cms activityCode not in static sheet (227 allowed)",live
E-E10-A1NSNO0895,68caf52238bc2f92a80ba945,Ontabi Kyoto Uji Day Tour (Bus tour),0,1,deleted,"japan activity, cms activityCode not in static sheet (227 allowed)",live
E-E10-A1NSNO0828,68caf52238bc2f92a80ba91f,Tokyo Subway Ticket,0,1,deleted,"japan activity, cms activityCode not in static sheet (227 allowed)",live
E-E10-A1NSNO0846,68caf52238bc2f92a80ba926,Tokyo Sky Tree Ticket + 48 Hour Tokyo Subway Ticket +  Keikyu Hatoku Ticket,0,1,deleted,"japan activity, cms activityCode not in static sheet (227 allowed)",live
E-E10-A1NSNO0807,68caf52238bc2f92a80ba927,LEGOLAND Discovery Center Osaka - Ticket,0,1,deleted,"japan activity, cms activityCode not in static sheet (227 allowed)",live
E-E10-A1NSNO0866,68caf52238bc2f92a80ba92f,Yurikamome 1-Day Ticket and Small Worlds - Ticket,0,1,deleted,"japan activity, cms activityCode not in static sheet (227 allowed)",live
E-E10-A1NSNO0867,68caf52238bc2f92a80ba930,Explore Tokyo by Electric Powered Bike - Guided Cycling Tour ,0,1,deleted,"japan activity, cms activityCode not in static sheet (227 allowed)",live
E-E10-A1NSNO0829,68caf52238bc2f92a80ba94b,LEGOLAND Discovery Centre Tokyo - Ticket,0,1,deleted,"japan activity, cms activityCode not in static sheet (227 allowed)",live
E-E10-A1NSNO1054,68caf52238bc2f92a80ba955, One-Way Transfer to Madame Tussauds Tokyo and Odaiba DECKS Tokyo Beach,0,1,deleted,"japan activity, cms activityCode not in static sheet (227 allowed)",live
E-E10-A1NSNO0865,68caf52238bc2f92a80ba92e,TeamLab Planets TOKYO DMM - Ticket,0,1,deleted,"japan activity, cms activityCode not in static sheet (227 allowed)",live
E-E10-A1NSNO0900,68caf52238bc2f92a80ba94a,Full day Osaka Walking Tour with Government Licensed Guide (Private),0,1,deleted,"japan activity, cms activityCode not in static sheet (227 allowed)",live
E-E10-A1NSNO1047,68caf52238bc2f92a80ba94e,One-Way Transfer to Odaiba Seaside Park ,0,1,deleted,"japan activity, cms activityCode not in static sheet (227 allowed)",live
E-E10-A1NSNO0839,68caf52238bc2f92a80ba921,Tokyo Skytree Ticket with Traditional Glass Carving Experience,0,1,deleted,"japan activity, cms activityCode not in static sheet (227 allowed)",live
E-E10-A1NSNO0830,68caf52238bc2f92a80ba931,Private Kyoto Gion Night Walking Tour,0,1,deleted,"japan activity, cms activityCode not in static sheet (227 allowed)",live
E-E10-A1NSNO0907,68caf52238bc2f92a80ba93e,"Traditional Japanese Sweet, Wagashi Making Class ",0,1,deleted,"japan activity, cms activityCode not in static sheet (227 allowed)",live
E-E10-A1NSNO0810,68caf52238bc2f92a80ba942,Discover Osaka City - Full-Day Private Tour ,0,1,deleted,"japan activity, cms activityCode not in static sheet (227 allowed)",live
E-E10-A1NSNO0896,68caf52238bc2f92a80ba946,Explore Sacred Mt. Koya – Full-Day Private Tour,0,1,deleted,"japan activity, cms activityCode not in static sheet (227 allowed)",live
E-E10-A1NSNO0952,68caf52238bc2f92a80ba97d,Traditional and Modern Sake Breweries - Small Group Tour,0,1,deleted,"japan activity, cms activityCode not in static sheet (227 allowed)",live
E-E10-A1NSNO1093,68caf52238bc2f92a80ba9a3,Discover Tokyo with Private Chauffeur Services,0,1,deleted,"japan activity, cms activityCode not in static sheet (227 allowed)",live
E-E10-A1NSNO0843,68caf52238bc2f92a80ba924,Kimono Day Rental With Tokyo Sky Tree Ticket ,0,1,deleted,"japan activity, cms activityCode not in static sheet (227 allowed)",live
E-E10-A1NSNO0906,68caf52238bc2f92a80ba93d,Samurai Armour Photo Shoot in Shibuya ,0,1,deleted,"japan activity, cms activityCode not in static sheet (227 allowed)",live
E-E10-A1NSNO0898,68caf52238bc2f92a80ba948,Full Day Osaka Day Tour with English Guide and Public Transportation (Private),0,1,deleted,"japan activity, cms activityCode not in static sheet (227 allowed)",live
E-E10-A1NSNO1050,68caf52238bc2f92a80ba951,One-Way Transfer to DECKS Tokyo Beach,0,1,deleted,"japan activity, cms activityCode not in static sheet (227 allowed)",live
E-E10-A1NSNO1052,68caf52238bc2f92a80ba953,One-Way Transfer to LEGOLAND® Discovery Center Tokyo and Odaiba DECKS Tokyo Beach,0,1,deleted,"japan activity, cms activityCode not in static sheet (227 allowed)",live
E-E10-A1NSNO1090,68caf52238bc2f92a80ba99c,Explore the Shinjuku Golden-Gai Bar Hopping with a Bar Hopping Master - Private Tour,0,1,deleted,"japan activity, cms activityCode not in static sheet (227 allowed)",live
E-E10-A1NSNO0955,68caf52238bc2f92a80ba996,Shinjuku Golden Gai Food Tour,0,1,deleted,"japan activity, cms activityCode not in static sheet (227 allowed)",live
E-E10-A1NSNO0788,68caf52238bc2f92a80ba912,Kyoto Gion Night -Small Group Walking Tour,0,1,deleted,"japan activity, cms activityCode not in static sheet (227 allowed)",live
E-E10-A1NSNO0863,68caf52238bc2f92a80ba92c,Sunshine Aquarium - Ticket,0,1,deleted,"japan activity, cms activityCode not in static sheet (227 allowed)",live
E-E10-A1NSNO0809,68caf52238bc2f92a80ba943,Namba Access Rapi:t One Way Ticket ,0,1,deleted,"japan activity, cms activityCode not in static sheet (227 allowed)",live
E-E10-A1NSNO0946,68caf52238bc2f92a80ba977,Explore Kuromon Market and The Famous Kitchen Town - Small Group Tour,0,1,deleted,"japan activity, cms activityCode not in static sheet (227 allowed)",live
E-E10-A1NSNO0999,68caf52238bc2f92a80ba96c,"Mount Fuji Panoramic View, Matcha-making Experience and Shopping Day – Full-Day Tour",0,1,deleted,"japan activity, cms activityCode not in static sheet (227 allowed)",live
E-E10-A1NSNO0950,68caf52238bc2f92a80ba97b,Discover the Charming Neighbourhoods of Pontocho and Gion Shirakawa - Walking Tour,0,1,deleted,"japan activity, cms activityCode not in static sheet (227 allowed)",live
E-E10-A1NSNO0951,68caf52238bc2f92a80ba97c,Discover the Historical Kyoto Nishiki Market Food Tour,0,1,deleted,"japan activity, cms activityCode not in static sheet (227 allowed)",live
E-E10-A1NSNO0826,68caf52238bc2f92a80ba91d,Madame Tussauds Tokyo - Ticket,0,1,deleted,"japan activity, cms activityCode not in static sheet (227 allowed)",live
E-E10-A1NSNO0824,68caf52238bc2f92a80ba91b,Sky Hop Bus Tokyo - Ticket,0,1,deleted,"japan activity, cms activityCode not in static sheet (227 allowed)",live
E-E10-A1NSNO0872,68caf52238bc2f92a80ba941,Cherry Blossom Hanami Tour ,0,1,deleted,"japan activity, cms activityCode not in static sheet (227 allowed)",live
E-E10-A1NSNO1046,68caf52238bc2f92a80ba94d,One-Way Transfer to Aqua City ,0,1,deleted,"japan activity, cms activityCode not in static sheet (227 allowed)",live
E-E10-A1NSNO0909,68caf52238bc2f92a80ba94c,Bar Hopping in Traditional Izakayas through the Local Neighbourhood - Tour,0,1,deleted,"japan activity, cms activityCode not in static sheet (227 allowed)",live
E-E10-A1NSNO1048,68caf52238bc2f92a80ba94f,One-Way Transfer to Lalaport Toyosu ,0,1,deleted,"japan activity, cms activityCode not in static sheet (227 allowed)",live
E-E10-A1NSNO1068,68caf52238bc2f92a80ba96b,Exploring Mount Fuji with Traditional Tea Ceremony - Full-Day Tour,0,1,deleted,"japan activity, cms activityCode not in static sheet (227 allowed)",live
E-E10-A1NSNO1089,68caf52238bc2f92a80ba992,Japan Rail Pass,0,1,deleted,"japan activity, cms activityCode not in static sheet (227 allowed)",live
E-E10-A1NSNO1094,68caf52238bc2f92a80ba9a5,Explore the Mount Fuji and Hakone - Full-Day Private Tour,0,1,deleted,"japan activity, cms activityCode not in static sheet (227 allowed)",live
E-E10-A1NSNO1091,68caf52238bc2f92a80ba99f,Discover Hakone with the Lake Ashi Cruise and Ohwakudani - Full-Day Tour,0,1,deleted,"japan activity, cms activityCode not in static sheet (227 allowed)",live
E-E10-A1NSNO0963,68caf52238bc2f92a80ba9a1,Old Town Yanaka Tour,0,1,deleted,"japan activity, cms activityCode not in static sheet (227 allowed)",live
E-E10-A1NSNO0962,68caf52238bc2f92a80ba99e,Crazy Cute Kawaii Food Tour,0,1,deleted,"japan activity, cms activityCode not in static sheet (227 allowed)",live
E-E10-A1NSNO0948,68caf52238bc2f92a80ba979,Uncover Historical Gion with a Traditional Kaiseki Meal - Walking Tour,0,1,deleted,"japan activity, cms activityCode not in static sheet (227 allowed)",live
E-E10-A1NSNO1092,68caf52238bc2f92a80ba9a0,"Explore Nikko Toshogu Shrine, Kegon Waterfall and Lake Chuzenji - Full-Day Tour ",0,1,deleted,"japan activity, cms activityCode not in static sheet (227 allowed)",live
E-E10-A1NSNO0822,68caf52238bc2f92a80ba919,Retro dining in Shibuya - Small Group Tour,0,1,deleted,"japan activity, cms activityCode not in static sheet (227 allowed)",live
E-E10-A1NSNO0859,68caf52238bc2f92a80ba92a,Skyliner Ticket and Tokyo Subway Ticket,0,1,deleted,"japan activity, cms activityCode not in static sheet (227 allowed)",live
E-E10-A1NSNO0831,68caf52238bc2f92a80ba932,Private Kyoto Nijo Castle & Imperial Palace Walking Tour,0,1,deleted,"japan activity, cms activityCode not in static sheet (227 allowed)",live
E-E10-A1NSNO0832,68caf52238bc2f92a80ba933,Private Kyoto Nishiki Market & Depachika Food Tour,0,1,deleted,"japan activity, cms activityCode not in static sheet (227 allowed)",live
E-E10-A1NSNO0836,68caf52238bc2f92a80ba937,Kyoto Bicycle Half Day Adventure Tour,0,1,deleted,"japan activity, cms activityCode not in static sheet (227 allowed)",live
E-E10-A1NSNO0905,68caf52238bc2f92a80ba93c,Explore Mt. Fuji and Hakone - Full-Day Tour ,0,1,deleted,"japan activity, cms activityCode not in static sheet (227 allowed)",live
E-E10-A1NSNO1049,68caf52238bc2f92a80ba950,One-Way Transfer to Doraemon Future Department Store and Odaiba Divercity,0,1,deleted,"japan activity, cms activityCode not in static sheet (227 allowed)",live
E-E10-A1NSNO0841,68caf52238bc2f92a80ba923,SEIBU Kawagoe Same Day Round-Trip Pass ,0,1,deleted,"japan activity, cms activityCode not in static sheet (227 allowed)",live
E-E10-A1NSNO0833,68caf52238bc2f92a80ba934,"Nara Adventure from Kyoto: Todaiji, Kasuga Taisha Shrine, Nara Park & More",0,1,deleted,"japan activity, cms activityCode not in static sheet (227 allowed)",live
E-E10-A1NSNO0834,68caf52238bc2f92a80ba935,From Kyoto: Old Port Town and Ultimate Sake Private Tasting Tour,0,1,deleted,"japan activity, cms activityCode not in static sheet (227 allowed)",live
E-E10-A1NSNO0897,68caf52238bc2f92a80ba947,Discover Kobe - Full-Day Private Tour,0,1,deleted,"japan activity, cms activityCode not in static sheet (227 allowed)",live
E-E10-A1NSNO1000,68caf52238bc2f92a80ba96d,Highlights of Kyoto and Uji with Kinkaku-ji Temple and Byodoin Temple – Full-Day Tour,0,1,deleted,"japan activity, cms activityCode not in static sheet (227 allowed)",live
E-E10-A1NSNO0949,68caf52238bc2f92a80ba97a,Whisky and Cocktails in The Flower District - Small Group Tour,0,1,deleted,"japan activity, cms activityCode not in static sheet (227 allowed)",live
E-E10-A1NSNO0858,68caf52238bc2f92a80ba929,Tokyo Skytree (Tembo Galleria + Tembo Deck) and teamLab Planets TOKYO DMM - Ticket,0,1,deleted,"japan activity, cms activityCode not in static sheet (227 allowed)",live
E-E10-A1NSNO1096,68caf52238bc2f92a80ba9af,Ultimate Ramen Tasting Tour,0,1,deleted,"japan activity, cms activityCode not in static sheet (227 allowed)",live
E-E10-A1NSNO0820,68caf52238bc2f92a80ba917,"Sake, Cocktail and Whisky Tasting - Small Group Tour",0,1,deleted,"japan activity, cms activityCode not in static sheet (227 allowed)",live
E-E10-A1NSNO0845,68caf52238bc2f92a80ba925,Traditional Japanese Tea Ceremony  - Small Group Experience,0,1,deleted,"japan activity, cms activityCode not in static sheet (227 allowed)",live
E-E10-A1NSNO0827,68caf52238bc2f92a80ba91e,Tokyo Sky Tree and 24-Hour Tokyo Subway Combo Ticket,0,1,deleted,"japan activity, cms activityCode not in static sheet (227 allowed)",live
E-E10-A1NSNO0864,68caf52238bc2f92a80ba92d,"Sunshine Aquarium, Sky Circus Sunshine 60 Observatory and 24 hours Tokyo Subway Ticket ",0,1,deleted,"japan activity, cms activityCode not in static sheet (227 allowed)",live
E-E10-A1NSNO0965,68caf52238bc2f92a80ba9a4,Tsukiji Breakfast Tour,0,1,deleted,"japan activity, cms activityCode not in static sheet (227 allowed)",live
E-E10-A1NSNO0838,68caf52238bc2f92a80ba920,Tokyo Tower Observatory - Ticket,0,1,deleted,"japan activity, cms activityCode not in static sheet (227 allowed)",live
E-E10-A1NSNO0958,68caf52238bc2f92a80ba999,Best of Shibuya,0,1,deleted,"japan activity, cms activityCode not in static sheet (227 allowed)",live
E-E10-A1NSNO0964,68caf52238bc2f92a80ba9a2,Flavors of Japan,0,1,deleted,"japan activity, cms activityCode not in static sheet (227 allowed)",live
E-E10-A1NSNO0825,68caf52238bc2f92a80ba91c,Traditional Japanese Kimono Rental,0,1,deleted,"japan activity, cms activityCode not in static sheet (227 allowed)",live
E-E10-A1NSNO0861,68caf52238bc2f92a80ba92b,"Skyliner, Tokyo Subway and Tokyo Tower Main Deck - Ticket",0,1,deleted,"japan activity, cms activityCode not in static sheet (227 allowed)",live
E-E10-A1NSNO0957,68caf52238bc2f92a80ba998,"Luxury Tokyo Sake, Cocktail, Whisky and Pairing Tour",0,1,deleted,"japan activity, cms activityCode not in static sheet (227 allowed)",live
E-E10-A1NSNO0961,68caf52238bc2f92a80ba99d,"Asakusa, Tokyo's #1 Family Food Tour",0,1,deleted,"japan activity, cms activityCode not in static sheet (227 allowed)",live
E-E10-A1NSNO1099,68caf52238bc2f92a80ba9b0,Discover Nikko with Private Chauffeur Service,0,1,deleted,"japan activity, cms activityCode not in static sheet (227 allowed)",live
E-E10-A1NSNO1152,68caf52238bc2f92a80ba9b9,The Best of Shinjuku and Shibuya - Full-Day Walking Tour,0,0,deleted,"japan activity, cms activityCode not in static sheet (227 allowed)",live
E-E10-A1NSNO0966,68caf52238bc2f92a80ba9a6,Super Sugamo Local Food Tour,0,1,deleted,"japan activity, cms activityCode not in static sheet (227 allowed)",live
E-E10-A1NSNO1154,68caf52238bc2f92a80ba9bb,Adventure around Mount Fuji  and Lake Kawaguchiko - Full-Day Tour,0,1,deleted,"japan activity, cms activityCode not in static sheet (227 allowed)",live
E-E10-A1NSNO1151,68caf52238bc2f92a80ba9b8,"Tokyo Highlights Tour: Sumo, Sushi, Tea, Temples and Tokyo Tower",0,1,deleted,"japan activity, cms activityCode not in static sheet (227 allowed)",live
E-E10-A1NSNO1053,68caf52238bc2f92a80ba954, One-Way Transfer to Tokyo Joypolis by SEGA and DECKS Tokyo,0,1,deleted,"japan activity, cms activityCode not in static sheet (227 allowed)",live
E-E10-A1NSNO0808,68caf52238bc2f92a80ba944,Explore Osaka City: Open Top Double-Decker Bus - Ticket ,0,1,deleted,"japan activity, cms activityCode not in static sheet (227 allowed)",live
E-E10-A1NSNO0944,68caf52238bc2f92a80ba975,Historical Night Food Tour,0,1,deleted,"japan activity, cms activityCode not in static sheet (227 allowed)",live
E-E10-A1NSNO0945,68caf52238bc2f92a80ba976,Shinsekai Through The Years - Small Group Food Tour,0,1,deleted,"japan activity, cms activityCode not in static sheet (227 allowed)",live
E-E10-A1NSNO0956,68caf52238bc2f92a80ba997,Hidden Gem Food Tour,0,1,deleted,"japan activity, cms activityCode not in static sheet (227 allowed)",live
E-E10-A1NSNO0902,68caf52238bc2f92a80ba93a,Panoramic Bus Tour and Bay Cruise ,0,1,deleted,"japan activity, cms activityCode not in static sheet (227 allowed)",live
E-E10-A1NSNO0953,68caf52238bc2f92a80ba97e,Explore Uji - The Home of Matcha - Small Group Tour,0,1,deleted,"japan activity, cms activityCode not in static sheet (227 allowed)",live
E-E10-A1NSNO0947,68caf52238bc2f92a80ba978,Famous Foodie Neighbourhood Tour,0,1,deleted,"japan activity, cms activityCode not in static sheet (227 allowed)",live
E-E10-A1NSNO0960,68caf52238bc2f92a80ba99b,Asakusa Twilight,0,1,deleted,"japan activity, cms activityCode not in static sheet (227 allowed)",live
E-E10-A1NSNO0901,68caf52238bc2f92a80ba939,Kintsugi Experience ,0,1,deleted,"japan activity, cms activityCode not in static sheet (227 allowed)",live
E-E10-A1NSNO0837,68caf52238bc2f92a80ba938,"Kyoto: Higashiyama, Kiyomizudera and Yasaka Discovery Tour",0,1,deleted,"japan activity, cms activityCode not in static sheet (227 allowed)",live
E-E10-A1NSNO0899,68caf52238bc2f92a80ba949,Full Day Mt. Koya Day Tour with English Speaking Driver and Vehicle (Private),0,1,deleted,"japan activity, cms activityCode not in static sheet (227 allowed)",live
E-E10-A1NSNO1051,68caf52238bc2f92a80ba952,One-Way Transfer to The Gundam Base Tokyo and Odaiba Divercity,0,1,deleted,"japan activity, cms activityCode not in static sheet (227 allowed)",live
E-E10-A1NSNO1150,68caf52238bc2f92a80ba9b6,"Discover Palace, Deer and Inkstick - Full-Day Walking Tour",0,1,deleted,"japan activity, cms activityCode not in static sheet (227 allowed)",live
E-E10-A1NSNO1155,68caf52238bc2f92a80ba9bc,"Explore Kamakura and Enoshima: Shrines, Seaside, Temples and Tea - Full-Day Tour ",0,1,deleted,"japan activity, cms activityCode not in static sheet (227 allowed)",live
E-E10-A1NSNO1095,68caf52238bc2f92a80ba9ae,Hakone Free Pass,0,1,deleted,"japan activity, cms activityCode not in static sheet (227 allowed)",live
E-E10-A1NSNO1153,68caf52238bc2f92a80ba9ba,"Discover Culture, Art and Old Tokyo in Ueno and Yanaka - Full-Day Walking Tour ",0,1,deleted,"japan activity, cms activityCode not in static sheet (227 allowed)",live
E-E10-A1NSNO1319,68caf52338bc2f92a80baa62,Hokkaido Rail Pass,0,1,deleted,"japan activity, cms activityCode not in static sheet (227 allowed)",live
E-E10-A1NSNO1321,68caf52338bc2f92a80baa63,Kansai Area Pass,0,1,deleted,"japan activity, cms activityCode not in static sheet (227 allowed)",live
E-E10-A1NSNO1322,68caf52338bc2f92a80baa64,JR East Pass From Tohoku Area,0,1,deleted,"japan activity, cms activityCode not in static sheet (227 allowed)",live
E-E10-A1NSNO1323,68caf52338bc2f92a80baa65,JR East Pass From Nagano and Niikaga Area,0,1,deleted,"japan activity, cms activityCode not in static sheet (227 allowed)",live
E-E10-A9VWNO0190,68caf52338bc2f92a80bab2a,"Hakone Fuji Day Tour: Cruise, Cable Car, and Volcano",0,1,deleted,"japan activity, cms activityCode not in static sheet (227 allowed)",live
E-E10-A9VWNO0188,68caf52338bc2f92a80bab28,Mt. Fuji With Kawaguchico Lake And Oshino Hakkai - Full-Day Tour,0,1,deleted,"japan activity, cms activityCode not in static sheet (227 allowed)",live
E-E10-A9VWNO0189,68caf52338bc2f92a80bab29,Nikko Toshogu Shrine and Kegon Waterfall - Full-Day Tour,0,1,deleted,"japan activity, cms activityCode not in static sheet (227 allowed)",live
E-E10-CHERRYBLOS,68caf52338bc2f92a80babde,1Day Kyoto Cherry Blossom Tour,0,1,deleted,"japan activity, cms activityCode not in static sheet (227 allowed)",live
E-E10-FUJIGOTEMB,68caf52338bc2f92a80bac9a,"1 Day: Mount Fuji, Gotemba Premium Outlets & Hot Spring",0,1,deleted,"japan activity, cms activityCode not in static sheet (227 allowed)",live
E-E10-HANOKMOTOR,68caf52338bc2f92a80bacf5,Hakone Owakudani & Mt. Fuji Panorama - Return by Motorcoach,0,1,deleted,"japan activity, cms activityCode not in static sheet (227 allowed)",live
E-E10-JP-NRTJ27,68caf52338bc2f92a80badbd,Express Kyoto Tour from Tokyo,0,1,deleted,"japan activity, cms activityCode not in static sheet (227 allowed)",live
E-E10-JP-ITMJ3,68caf52338bc2f92a80badcf,One Day World Heritage Site and Mt Koya Tour,0,1,deleted,"japan activity, cms activityCode not in static sheet (227 allowed)",live
E-E10-JP-ITMJ4,68caf52338bc2f92a80badd0,Half-Day Osaka Bay Area Tour,0,1,deleted,"japan activity, cms activityCode not in static sheet (227 allowed)",live
E-E10-JP-TOAF5,68caf52338bc2f92a80bad86,Tokyo After 5pm: Japanese Food Tour,0,1,deleted,"japan activity, cms activityCode not in static sheet (227 allowed)",live
E-E10-JP-NRTJ18,68caf52338bc2f92a80badd8,Mount Fuji and Hakone Full-Day Tour (Return by Shinkansen),0,1,deleted,"japan activity, cms activityCode not in static sheet (227 allowed)",live
E-E10-JP-NRTU2,68caf52338bc2f92a80badda,Explore Tokyo's Nightlife in Shinjuku Kabukicyo,0,1,deleted,"japan activity, cms activityCode not in static sheet (227 allowed)",live
E-E10-JP-KIXJ19,68caf52338bc2f92a80badcc,Kyoto Fushimi Inari Taisha Shrine and Sake Tasting Tour,0,1,deleted,"japan activity, cms activityCode not in static sheet (227 allowed)",live
E-E10-JP-ITMC1,68caf52338bc2f92a80badde,Shared Roundtrip Transfers with Admission Tickets and Tokens for Universal Studios Japan,0,1,deleted,"japan activity, cms activityCode not in static sheet (227 allowed)",live
E-E10-JP-NRTJ13,68caf52338bc2f92a80badbc,One Day Nikko World Heritage Tour,0,1,deleted,"japan activity, cms activityCode not in static sheet (227 allowed)",live
E-E10-JP-KIXJ4,68caf52338bc2f92a80badc1,Kyoto and Nara in One Day - Tour,0,1,deleted,"japan activity, cms activityCode not in static sheet (227 allowed)",live
E-E10-JP-ITMJ1,68caf52338bc2f92a80badcd,Kobe Sightseeing and Nada Sake Brewery Tour,0,1,deleted,"japan activity, cms activityCode not in static sheet (227 allowed)",live
E-E10-JP-KIXJ14,68caf52338bc2f92a80badc9,Kyoto Maiko Dinner,0,1,deleted,"japan activity, cms activityCode not in static sheet (227 allowed)",live
E-E10-JP-KIXJ10,68caf52338bc2f92a80badc5,"Kyoto Afternoon Tour: Fushimi Inari Taisha, Sanjusangen-do Temple and Kiyomizu-dera Temple",0,1,deleted,"japan activity, cms activityCode not in static sheet (227 allowed)",live
E-E10-JP-NRTJ24,68caf52338bc2f92a80badd9,Mount Fuji and Hakone - Full-Day Tour (Return by motorcoach),0,1,deleted,"japan activity, cms activityCode not in static sheet (227 allowed)",live
E-E10-JP-ITMJ2,68caf52338bc2f92a80badce,Himeji Castle and Akashi Kaikyo Bridge Walking Tour,0,1,deleted,"japan activity, cms activityCode not in static sheet (227 allowed)",live
E-E10-JP-ITMJ6,68caf52338bc2f92a80badd2,One Day Osaka Walking Tour,0,1,deleted,"japan activity, cms activityCode not in static sheet (227 allowed)",live
E-E10-JP-KIXJ16,68caf52338bc2f92a80badcb,1-Day Hiroshima & Miyajima Tour (Round Trip from Kyoto),0,1,deleted,"japan activity, cms activityCode not in static sheet (227 allowed)",live
E-E10-JP-NRTC1,68caf52338bc2f92a80baddc,Tokyo Disneyland admission ticket with shared roundtrip transfers,0,1,deleted,"japan activity, cms activityCode not in static sheet (227 allowed)",live
E-E10-JP-KIXJ9,68caf52338bc2f92a80badc4,"Kyoto Morning Tour: Nijo Castle, Kinkaku-ji Temple, Kyoto Imperial Palace",0,1,deleted,"japan activity, cms activityCode not in static sheet (227 allowed)",live
E-E10-JP-KIXJ11,68caf52338bc2f92a80badc6,"Nara Afternoon Tour: Todai-ji Temple, Nara Park and Kasuga Taisha Shrine",0,1,deleted,"japan activity, cms activityCode not in static sheet (227 allowed)",live
E-E10-JP-KIXJ1,68caf52338bc2f92a80badbe,Kobe Sightseeing and Nada Sake Brewery Tour (Round-trip from Kyoto),0,1,deleted,"japan activity, cms activityCode not in static sheet (227 allowed)",live
E-E10-JP-KIXJ5,68caf52338bc2f92a80badc2,Osaka Walking Tour,0,1,deleted,"japan activity, cms activityCode not in static sheet (227 allowed)",live
E-E10-JP-KIXJ8,68caf52338bc2f92a80badc3,Kyoto Night Tour,0,1,deleted,"japan activity, cms activityCode not in static sheet (227 allowed)",live
E-E10-JP-KIXJ15,68caf52338bc2f92a80badca,Real Kyoto Back Street Guided Cycling Tour,0,1,deleted,"japan activity, cms activityCode not in static sheet (227 allowed)",live
E-E10-JP-KIXJ13,68caf52338bc2f92a80badc8,Uji and Nara Full Day Tour,0,1,deleted,"japan activity, cms activityCode not in static sheet (227 allowed)",live
E-E10-JP-KIXJ3,68caf52338bc2f92a80badc0,Kyoto in One Day - Tour,0,1,deleted,"japan activity, cms activityCode not in static sheet (227 allowed)",live
E-E10-JP-ITMJ5,68caf52338bc2f92a80badd1,Osaka Afternoon Walking Tour (Round Trip from Osaka),0,1,deleted,"japan activity, cms activityCode not in static sheet (227 allowed)",live
E-E10-JP-KIXJ12,68caf52338bc2f92a80badc7,Kyoto Uji Walking & Tea Ceremony Tour,0,1,deleted,"japan activity, cms activityCode not in static sheet (227 allowed)",live
E-E10-JP-KIXJ2,68caf52338bc2f92a80badbf,Himeji Castle and Akashi Kaikyo Bridge World Heritage Walking Tour from Kyoto,0,1,deleted,"japan activity, cms activityCode not in static sheet (227 allowed)",live
E-E10-KYO SAGANO,68caf52438bc2f92a80bae2b,Kyoto Sagano Bamboo Grove & Arashiyama Walking Tour,0,1,deleted,"japan activity, cms activityCode not in static sheet (227 allowed)",live
TRA_56242,68e40e4c09631ec67ebd7f2b,The SUMO show with Lunch in Tokyo (TICKET ONLY),3,1,deleted,"japan activity, cms activityCode not in static sheet (227 allowed)",live
